<edmx:Edmx
    xmlns:edmx="http://schemas.microsoft.com/ado/2007/06/edmx"
    xmlns:m="http://schemas.microsoft.com/ado/2007/08/dataservices/metadata"
    xmlns:sap="http://www.sap.com/Protocols/SAPData" Version="1.0">
    <edmx:DataServices m:DataServiceVersion="2.0">
        <Schema
            xmlns="http://schemas.microsoft.com/ado/2008/09/edm" Namespace="ZEMPLOYEESODATA_SRV" xml:lang="en" sap:schema-version="1">
            <EntityType Name="EMPLOYEE" sap:content-version="1">
                <Key>
                    <PropertyRef Name="Empid"/>
                </Key>
                <Property Name="Empid" Type="Edm.String" Nullable="false" MaxLength="10" sap:unicode="false" sap:label="emp_id" sap:creatable="false" sap:updatable="false" sap:sortable="false" sap:filterable="false"/>
                <Property Name="FirstName" Type="Edm.String" Nullable="false" MaxLength="10" sap:unicode="false" sap:label="First Name" sap:creatable="false" sap:updatable="false" sap:sortable="false" sap:filterable="false"/>
                <Property Name="LastName" Type="Edm.String" Nullable="false" MaxLength="10" sap:unicode="false" sap:label="Last Name" sap:creatable="false" sap:updatable="false" sap:sortable="false" sap:filterable="false"/>
                <Property Name="Gender" Type="Edm.String" Nullable="false" MaxLength="15" sap:unicode="false" sap:label="Gender" sap:creatable="false" sap:updatable="false" sap:sortable="false" sap:filterable="false"/>
                <Property Name="Email" Type="Edm.String" Nullable="false" MaxLength="30" sap:unicode="false" sap:label="Email" sap:creatable="false" sap:updatable="false" sap:sortable="false" sap:filterable="false"/>
                <Property Name="CompanyName" Type="Edm.String" Nullable="false" MaxLength="60" sap:unicode="false" sap:label="Company Name" sap:creatable="false" sap:updatable="false" sap:sortable="false" sap:filterable="false"/>
                <Property Name="FromDate" Type="Edm.DateTime" Nullable="false" Precision="7" sap:unicode="false" sap:label="FROM DATE" sap:creatable="false" sap:updatable="false" sap:sortable="false" sap:filterable="false"/>
                <Property Name="ToDate" Type="Edm.DateTime" Nullable="false" Precision="7" sap:unicode="false" sap:label="TO DATE" sap:creatable="false" sap:updatable="false" sap:sortable="false" sap:filterable="false"/>
                <Property Name="Designation" Type="Edm.String" Nullable="false" MaxLength="30" sap:unicode="false" sap:label="DESIGNATION" sap:creatable="false" sap:updatable="false" sap:sortable="false" sap:filterable="false"/>
                <Property Name="Reason" Type="Edm.String" Nullable="false" MaxLength="60" sap:unicode="false" sap:label="REASON" sap:creatable="false" sap:updatable="false" sap:sortable="false" sap:filterable="false"/>
            </EntityType>
            <EntityContainer Name="ZEMPLOYEESODATA_SRV_Entities" m:IsDefaultEntityContainer="true" sap:supported-formats="atom json xlsx">
                <EntitySet Name="EMPLOYEESet" EntityType="ZEMPLOYEESODATA_SRV.EMPLOYEE" sap:creatable="false" sap:updatable="false" sap:deletable="false" sap:pageable="false" sap:content-version="1"/>
            </EntityContainer>
            <atom:link
                xmlns:atom="http://www.w3.org/2005/Atom" rel="self" href="./sap/ZEMPLOYEESODATA_SRV/$metadata"/>
                <atom:link
                    xmlns:atom="http://www.w3.org/2005/Atom" rel="latest-version" href="./sap/ZEMPLOYEESODATA_SRV/$metadata"/>
                </Schema>
            </edmx:DataServices>
        </edmx:Edmx>