<edmx:Edmx
    xmlns:edmx="http://schemas.microsoft.com/ado/2007/06/edmx"
    xmlns:m="http://schemas.microsoft.com/ado/2007/08/dataservices/metadata"
    xmlns:sap="http://www.sap.com/Protocols/SAPData" Version="1.0">
    <edmx:DataServices m:DataServiceVersion="2.0">
        <Schema
            xmlns="http://schemas.microsoft.com/ado/2008/09/edm" Namespace="ZZ_EMPLOYEE_DETAILS_SRV" xml:lang="en" sap:schema-version="1">
            <EntityType Name="Subscription" sap:semantics="subscriptions" sap:content-version="1">
                <Key>
                    <PropertyRef Name="ID"/>
                </Key>
                <Property Name="ID" Type="Edm.String" Nullable="false" MaxLength="32" sap:label="Sub. ID" sap:creatable="false" sap:updatable="false" sap:filterable="false"/>
                <Property Name="user" Type="Edm.String" MaxLength="12" m:FC_TargetPath="SyndicationAuthorName" m:FC_KeepInContent="false" sap:label="User Name" sap:creatable="false" sap:filterable="false"/>
                <Property Name="updated" Type="Edm.DateTime" Precision="0" m:FC_TargetPath="SyndicationUpdated" m:FC_KeepInContent="false" sap:label="Time Stamp" sap:creatable="false" sap:filterable="false"/>
                <Property Name="title" Type="Edm.String" MaxLength="255" m:FC_TargetPath="SyndicationTitle" m:FC_KeepInContent="false" sap:label="Title" sap:filterable="false"/>
                <Property Name="deliveryAddress" Type="Edm.String" sap:label="Delivery Address" sap:filterable="false"/>
                <Property Name="persistNotifications" Type="Edm.Boolean" sap:label="Persist Notification" sap:filterable="false"/>
                <Property Name="collection" Type="Edm.String" MaxLength="40" sap:label="Collection" sap:filterable="false"/>
                <Property Name="filter" Type="Edm.String" sap:label="Filter" sap:filterable="false"/>
                <Property Name="select" Type="Edm.String" MaxLength="255" sap:label="Select" sap:filterable="false"/>
                <Property Name="changeType" Type="Edm.String" MaxLength="30" sap:label="Change Type"/>
            </EntityType>
            <EntityType Name="Notification" sap:semantics="notifications" sap:content-version="1">
                <Key>
                    <PropertyRef Name="ID"/>
                </Key>
                <Property Name="ID" Type="Edm.String" Nullable="false" MaxLength="32" sap:label="Notification ID"/>
                <Property Name="collection" Type="Edm.String" MaxLength="40" sap:label="Collection"/>
                <Property Name="title" Type="Edm.String" m:FC_TargetPath="SyndicationTitle" m:FC_KeepInContent="false" sap:label="Notif. Text"/>
                <Property Name="updated" Type="Edm.DateTime" Precision="0" m:FC_TargetPath="SyndicationUpdated" m:FC_KeepInContent="false" sap:label="Time Stamp"/>
                <Property Name="changeType" Type="Edm.String" MaxLength="30" sap:label="Change Type"/>
                <Property Name="entriesOfInterest" Type="Edm.Int32" sap:label="No. of Entries"/>
                <Property Name="recipient" Type="Edm.String" MaxLength="112" sap:label="Recipient" sap:creatable="false" sap:updatable="false"/>
            </EntityType>
            <EntityType Name="EmployeeDetail" sap:content-version="1">
                <Key>
                    <PropertyRef Name="EmpId"/>
                </Key>
                <Property Name="EmpId" Type="Edm.String" Nullable="false" MaxLength="5" sap:unicode="false" sap:label="EMPLOYEE ID" sap:sortable="false"/>
                <Property Name="FirstName" Type="Edm.String" Nullable="false" MaxLength="15" sap:unicode="false" sap:label="FIRST_NAME" sap:sortable="false"/>
                <Property Name="LastName" Type="Edm.String" Nullable="false" MaxLength="15" sap:unicode="false" sap:label="LAST_NAME" sap:sortable="false"/>
                <Property Name="Email" Type="Edm.String" Nullable="false" MaxLength="50" sap:unicode="false" sap:label="Email Id" sap:sortable="false"/>
                <Property Name="Gender" Type="Edm.String" Nullable="false" MaxLength="5" sap:unicode="false" sap:label="GENDER" sap:sortable="false"/>
                <Property Name="CompanyName" Type="Edm.String" Nullable="false" MaxLength="30" sap:unicode="false" sap:label="COMPANYNAME" sap:sortable="false"/>
                <Property Name="FromDate" Type="Edm.DateTimeOffset" Nullable="false" Precision="7" sap:unicode="false" sap:label="FROM_DATE" sap:sortable="false"/>
                <Property Name="Todate" Type="Edm.DateTimeOffset" Nullable="false" Precision="7" sap:unicode="false" sap:label="To" sap:sortable="false"/>
                <Property Name="Designation" Type="Edm.String" Nullable="false" MaxLength="10" sap:unicode="false" sap:label="DESIGNATION" sap:sortable="false"/>
                <Property Name="Reason" Type="Edm.String" Nullable="false" MaxLength="10" sap:unicode="false" sap:label="REASON" sap:sortable="false"/>
            </EntityType>
            <EntityContainer Name="ZZ_EMPLOYEE_DETAILS_SRV_Entities" m:IsDefaultEntityContainer="true" sap:supported-formats="atom json xlsx">
                <EntitySet Name="SubscriptionCollection" EntityType="ZZ_EMPLOYEE_DETAILS_SRV.Subscription" sap:content-version="1"/>
                <EntitySet Name="NotificationCollection" EntityType="ZZ_EMPLOYEE_DETAILS_SRV.Notification" sap:creatable="false" sap:updatable="false" sap:deletable="false" sap:addressable="false" sap:content-version="1"/>
                <EntitySet Name="EmployeeDetailSet" EntityType="ZZ_EMPLOYEE_DETAILS_SRV.EmployeeDetail" sap:label="Employee Detail" sap:searchable="true" sap:requires-filter="true" sap:content-version="1"/>
            </EntityContainer>
            <atom:link
                xmlns:atom="http://www.w3.org/2005/Atom" rel="self" href="./sap/ZZ_EMPLOYEE_DETAILS_SRV/$metadata"/>
                <atom:link
                    xmlns:atom="http://www.w3.org/2005/Atom" rel="latest-version" href="./sap/ZZ_EMPLOYEE_DETAILS_SRV/$metadata"/>
                </Schema>
            </edmx:DataServices>
        </edmx:Edmx>