<edmx:Edmx
    xmlns:edmx="http://schemas.microsoft.com/ado/2007/06/edmx"
    xmlns:m="http://schemas.microsoft.com/ado/2007/08/dataservices/metadata"
    xmlns:sap="http://www.sap.com/Protocols/SAPData" Version="1.0">
    <edmx:DataServices m:DataServiceVersion="2.0">
        <Schema
            xmlns="http://schemas.microsoft.com/ado/2008/09/edm" Namespace="ZSALES_REGISTER_GST_SRV" xml:lang="en" sap:schema-version="1">
            <EntityType Name="ZSALES_REGISTER_GST" sap:content-version="1">
                <Key>
                    <PropertyRef Name="COMPONYCODE"/>
                </Key>
                <Property Name="COMPONYCODE" Type="Edm.String" Nullable="false" sap:unicode="false" sap:creatable="false" sap:updatable="false" sap:sortable="false"/>
                <Property Name="SALESORG" Type="Edm.Int16" Nullable="false" sap:unicode="false" sap:label="Signed INT2 / int16" sap:creatable="false" sap:updatable="false" sap:sortable="false"/>
                <Property Name="SALESDES" Type="Edm.String" Nullable="false" sap:unicode="false" sap:creatable="false" sap:updatable="false" sap:sortable="false" sap:filterable="false"/>
                <Property Name="DISCHANNEL" Type="Edm.String" Nullable="false" sap:unicode="false" sap:creatable="false" sap:updatable="false" sap:sortable="false" sap:filterable="false"/>
                <Property Name="DIVISION" Type="Edm.String" Nullable="false" sap:unicode="false" sap:creatable="false" sap:updatable="false" sap:sortable="false" sap:filterable="false"/>
                <Property Name="PLANT" Type="Edm.String" Nullable="false" sap:unicode="false" sap:creatable="false" sap:updatable="false" sap:sortable="false"/>
                <Property Name="PLANTDES" Type="Edm.String" Nullable="false" sap:unicode="false" sap:creatable="false" sap:updatable="false" sap:sortable="false" sap:filterable="false"/>
                <Property Name="PLANTGST" Type="Edm.String" Nullable="false" sap:unicode="false" sap:creatable="false" sap:updatable="false" sap:sortable="false" sap:filterable="false"/>
                <Property Name="SOLDTOPARTY" Type="Edm.String" Nullable="false" sap:unicode="false" sap:creatable="false" sap:updatable="false" sap:sortable="false" sap:filterable="false"/>
                <Property Name="SOLDTOPARTRYNAME" Type="Edm.String" Nullable="false" sap:unicode="false" sap:creatable="false" sap:updatable="false" sap:sortable="false" sap:filterable="false"/>
                <Property Name="CUSTGSTIN" Type="Edm.String" Nullable="false" sap:unicode="false" sap:creatable="false" sap:updatable="false" sap:sortable="false" sap:filterable="false"/>
                <Property Name="CUSTCITY" Type="Edm.String" Nullable="false" sap:unicode="false" sap:creatable="false" sap:updatable="false" sap:sortable="false"/>
                <Property Name="CUSTOMERDIST" Type="Edm.String" Nullable="false" sap:unicode="false" sap:creatable="false" sap:updatable="false" sap:sortable="false"/>
                <Property Name="SOLDTOPATYPAN" Type="Edm.String" Nullable="false" sap:unicode="false" sap:creatable="false" sap:updatable="false" sap:sortable="false" sap:filterable="false"/>
                <Property Name="CUSTOMER" Type="Edm.String" Nullable="false" sap:unicode="false" sap:creatable="false" sap:updatable="false" sap:sortable="false"/>
                <Property Name="PAYMTERMS" Type="Edm.String" Nullable="false" sap:unicode="false" sap:creatable="false" sap:updatable="false" sap:sortable="false" sap:filterable="false"/>
                <Property Name="PAYMTERMDES" Type="Edm.String" Nullable="false" sap:unicode="false" sap:creatable="false" sap:updatable="false" sap:sortable="false" sap:filterable="false"/>
                <Property Name="INCOTERMS" Type="Edm.String" Nullable="false" sap:unicode="false" sap:creatable="false" sap:updatable="false" sap:sortable="false" sap:filterable="false"/>
                <Property Name="INCOTERMSDIS" Type="Edm.String" Nullable="false" sap:unicode="false" sap:creatable="false" sap:updatable="false" sap:sortable="false" sap:filterable="false"/>
                <Property Name="SHIPTOPARTYCODE" Type="Edm.String" Nullable="false" sap:unicode="false" sap:creatable="false" sap:updatable="false" sap:sortable="false"/>
                <Property Name="COUNTRYCODE" Type="Edm.String" Nullable="false" sap:unicode="false" sap:creatable="false" sap:updatable="false" sap:sortable="false"/>
                <Property Name="COUNTRYDES" Type="Edm.String" Nullable="false" sap:unicode="false" sap:creatable="false" sap:updatable="false" sap:sortable="false"/>
                <Property Name="CUSTOMERSTATE" Type="Edm.String" Nullable="false" sap:unicode="false" sap:creatable="false" sap:updatable="false" sap:sortable="false"/>
                <Property Name="SOLDTOPARTYREGION" Type="Edm.String" Nullable="false" sap:unicode="false" sap:creatable="false" sap:updatable="false" sap:sortable="false"/>
                <Property Name="STORAGELOCATION" Type="Edm.String" Nullable="false" sap:unicode="false" sap:creatable="false" sap:updatable="false" sap:sortable="false" sap:filterable="false"/>
                <Property Name="STRDES" Type="Edm.String" Nullable="false" sap:unicode="false" sap:creatable="false" sap:updatable="false" sap:sortable="false" sap:filterable="false"/>
                <Property Name="BASEUNITQTY" Type="Edm.String" Nullable="false" sap:unicode="false" sap:creatable="false" sap:updatable="false" sap:sortable="false" sap:filterable="false"/>
                <Property Name="BASEUNIT" Type="Edm.String" Nullable="false" sap:unicode="false" sap:creatable="false" sap:updatable="false" sap:sortable="false" sap:filterable="false"/>
                <Property Name="SALESORDER" Type="Edm.String" Nullable="false" sap:unicode="false" sap:creatable="false" sap:updatable="false" sap:sortable="false"/>
                <Property Name="SALESORDERITEMNO" Type="Edm.String" Nullable="false" sap:unicode="false" sap:creatable="false" sap:updatable="false" sap:sortable="false" sap:filterable="false"/>
                <Property Name="SOQUANITY" Type="Edm.String" Nullable="false" sap:unicode="false" sap:creatable="false" sap:updatable="false" sap:sortable="false" sap:filterable="false"/>
                <Property Name="SORATE" Type="Edm.String" Nullable="false" sap:unicode="false" sap:creatable="false" sap:updatable="false" sap:sortable="false" sap:filterable="false"/>
                <Property Name="SODATE" Type="Edm.String" Nullable="false" sap:unicode="false" sap:creatable="false" sap:updatable="false" sap:sortable="false" sap:filterable="false"/>
                <Property Name="SALESOFFICE" Type="Edm.String" Nullable="false" sap:unicode="false" sap:creatable="false" sap:updatable="false" sap:sortable="false"/>
                <Property Name="SALESGROUP" Type="Edm.String" Nullable="false" sap:unicode="false" sap:creatable="false" sap:updatable="false" sap:sortable="false"/>
                <Property Name="SALESGROUPNAME" Type="Edm.String" Nullable="false" sap:unicode="false" sap:creatable="false" sap:updatable="false" sap:sortable="false"/>
                <Property Name="CUSTPO" Type="Edm.String" Nullable="false" sap:unicode="false" sap:creatable="false" sap:updatable="false" sap:sortable="false"/>
                <Property Name="CUSTPODATE" Type="Edm.String" Nullable="false" sap:unicode="false" sap:creatable="false" sap:updatable="false" sap:sortable="false"/>
                <Property Name="DELIVERYDOC" Type="Edm.String" Nullable="false" sap:unicode="false" sap:creatable="false" sap:updatable="false" sap:sortable="false" sap:filterable="false"/>
                <Property Name="DELIVITEM" Type="Edm.String" Nullable="false" sap:unicode="false" sap:creatable="false" sap:updatable="false" sap:sortable="false" sap:filterable="false"/>
                <Property Name="BATCHNO" Type="Edm.String" Nullable="false" sap:unicode="false" sap:creatable="false" sap:updatable="false" sap:sortable="false" sap:filterable="false"/>
                <Property Name="DELIVDATE" Type="Edm.String" Nullable="false" sap:unicode="false" sap:creatable="false" sap:updatable="false" sap:sortable="false" sap:filterable="false"/>
                <Property Name="BILLINGTYPE" Type="Edm.String" Nullable="false" sap:unicode="false" sap:creatable="false" sap:updatable="false" sap:sortable="false"/>
                <Property Name="SHIPTOPARTY" Type="Edm.String" Nullable="false" sap:unicode="false" sap:creatable="false" sap:updatable="false" sap:sortable="false"/>
                <Property Name="SHIPTOPARTYNAME" Type="Edm.String" Nullable="false" sap:unicode="false" sap:creatable="false" sap:updatable="false" sap:sortable="false" sap:filterable="false"/>
                <Property Name="BILLINGTYPEDEC" Type="Edm.String" Nullable="false" sap:unicode="false" sap:creatable="false" sap:updatable="false" sap:sortable="false"/>
                <Property Name="COMMERCIALINVOICE" Type="Edm.String" Nullable="false" sap:unicode="false" sap:creatable="false" sap:updatable="false" sap:sortable="false" sap:filterable="false"/>
                <Property Name="LINEITEM" Type="Edm.String" Nullable="false" sap:unicode="false" sap:creatable="false" sap:updatable="false" sap:sortable="false"/>
                <Property Name="INVODATE" Type="Edm.String" Nullable="false" sap:unicode="false" sap:creatable="false" sap:updatable="false" sap:sortable="false" sap:filterable="false"/>
                <Property Name="QUANITY" Type="Edm.String" Nullable="false" sap:unicode="false" sap:creatable="false" sap:updatable="false" sap:sortable="false" sap:filterable="false"/>
                <Property Name="BAGNO" Type="Edm.String" Nullable="false" sap:unicode="false" sap:creatable="false" sap:updatable="false" sap:sortable="false" sap:filterable="false"/>
                <Property Name="SALESUNIT" Type="Edm.String" Nullable="false" sap:unicode="false" sap:creatable="false" sap:updatable="false" sap:sortable="false" sap:filterable="false"/>
                <Property Name="CURRENCY" Type="Edm.String" Nullable="false" sap:unicode="false" sap:creatable="false" sap:updatable="false" sap:sortable="false"/>
                <Property Name="HSNNUMBER" Type="Edm.String" Nullable="false" sap:unicode="false" sap:creatable="false" sap:updatable="false" sap:sortable="false" sap:filterable="false"/>
                <Property Name="INVOICEACCOUNTINGDOCNO" Type="Edm.String" Nullable="false" sap:unicode="false" sap:creatable="false" sap:updatable="false" sap:sortable="false" sap:filterable="false"/>
                <Property Name="GLACCOUNT" Type="Edm.String" Nullable="false" sap:unicode="false" sap:creatable="false" sap:updatable="false" sap:sortable="false"/>
                <Property Name="GLACCOUNTDES" Type="Edm.String" Nullable="false" sap:unicode="false" sap:creatable="false" sap:updatable="false" sap:sortable="false" sap:filterable="false"/>
                <Property Name="PROFITCENTRE" Type="Edm.String" Nullable="false" sap:unicode="false" sap:creatable="false" sap:updatable="false" sap:sortable="false" sap:filterable="false"/>
                <Property Name="MATERIALGROUP" Type="Edm.String" Nullable="false" sap:unicode="false" sap:creatable="false" sap:updatable="false" sap:sortable="false"/>
                <Property Name="CUSTMATERIAL" Type="Edm.String" Nullable="false" sap:unicode="false" sap:creatable="false" sap:updatable="false" sap:sortable="false" sap:filterable="false"/>
                <Property Name="MATERIAL" Type="Edm.String" Nullable="false" sap:unicode="false" sap:creatable="false" sap:updatable="false" sap:sortable="false"/>
                <Property Name="YARNLAGLOTNO" Type="Edm.String" Nullable="false" sap:unicode="false" sap:creatable="false" sap:updatable="false" sap:sortable="false" sap:filterable="false"/>
                <Property Name="NOOFROLLS" Type="Edm.String" Nullable="false" sap:unicode="false" sap:creatable="false" sap:updatable="false" sap:sortable="false" sap:filterable="false"/>
                <Property Name="BASICRATE" Type="Edm.String" Nullable="false" sap:unicode="false" sap:creatable="false" sap:updatable="false" sap:sortable="false" sap:filterable="false"/>
                <Property Name="MATERIALRATE" Type="Edm.String" Nullable="false" sap:unicode="false" sap:creatable="false" sap:updatable="false" sap:sortable="false" sap:filterable="false"/>
                <Property Name="MATERIALCOST" Type="Edm.String" Nullable="false" sap:unicode="false" sap:creatable="false" sap:updatable="false" sap:sortable="false" sap:filterable="false"/>
                <Property Name="EXCHANGERATE" Type="Edm.String" Nullable="false" sap:unicode="false" sap:creatable="false" sap:updatable="false" sap:sortable="false" sap:filterable="false"/>
                <Property Name="BASICAMOUNT" Type="Edm.String" Nullable="false" sap:unicode="false" sap:creatable="false" sap:updatable="false" sap:sortable="false"/>
                <Property Name="BASICVALUE" Type="Edm.String" Nullable="false" sap:unicode="false" sap:creatable="false" sap:updatable="false" sap:sortable="false" sap:filterable="false"/>
                <Property Name="CGSTRATE" Type="Edm.String" Nullable="false" sap:unicode="false" sap:creatable="false" sap:updatable="false" sap:sortable="false" sap:filterable="false"/>
                <Property Name="CGST" Type="Edm.String" Nullable="false" sap:unicode="false" sap:creatable="false" sap:updatable="false" sap:sortable="false" sap:filterable="false"/>
                <Property Name="SGSTRATE" Type="Edm.String" Nullable="false" sap:unicode="false" sap:creatable="false" sap:updatable="false" sap:sortable="false" sap:filterable="false"/>
                <Property Name="SGST" Type="Edm.String" Nullable="false" sap:unicode="false" sap:creatable="false" sap:updatable="false" sap:sortable="false" sap:filterable="false"/>
                <Property Name="IGSTRATE" Type="Edm.String" Nullable="false" sap:unicode="false" sap:creatable="false" sap:updatable="false" sap:sortable="false" sap:filterable="false"/>
                <Property Name="IGST" Type="Edm.String" Nullable="false" sap:unicode="false" sap:creatable="false" sap:updatable="false" sap:sortable="false" sap:filterable="false"/>
                <Property Name="TCSTAXABLERATE" Type="Edm.String" Nullable="false" sap:unicode="false" sap:creatable="false" sap:updatable="false" sap:sortable="false" sap:filterable="false"/>
                <Property Name="TCS1RATE" Type="Edm.String" Nullable="false" sap:unicode="false" sap:creatable="false" sap:updatable="false" sap:sortable="false" sap:filterable="false"/>
                <Property Name="IGSTREFUND" Type="Edm.String" Nullable="false" sap:unicode="false" sap:creatable="false" sap:updatable="false" sap:sortable="false" sap:filterable="false"/>
                <Property Name="IGSTEXPORTPAYBLE" Type="Edm.String" Nullable="false" sap:unicode="false" sap:creatable="false" sap:updatable="false" sap:sortable="false" sap:filterable="false"/>
                <Property Name="UGSTPERCENTAGE" Type="Edm.String" Nullable="false" sap:unicode="false" sap:creatable="false" sap:updatable="false" sap:sortable="false" sap:filterable="false"/>
                <Property Name="UGSTVALUE" Type="Edm.String" Nullable="false" sap:unicode="false" sap:creatable="false" sap:updatable="false" sap:sortable="false" sap:filterable="false"/>
                <Property Name="TCSWS" Type="Edm.String" Nullable="false" sap:unicode="false" sap:creatable="false" sap:updatable="false" sap:sortable="false" sap:filterable="false"/>
                <Property Name="TOTALTAXAMT" Type="Edm.String" Nullable="false" sap:unicode="false" sap:creatable="false" sap:updatable="false" sap:sortable="false" sap:filterable="false"/>
                <Property Name="CASHDIS" Type="Edm.String" Nullable="false" sap:unicode="false" sap:creatable="false" sap:updatable="false" sap:sortable="false" sap:filterable="false"/>
                <Property Name="BILLTOPARTY" Type="Edm.String" Nullable="false" sap:unicode="false" sap:creatable="false" sap:updatable="false" sap:sortable="false"/>
                <Property Name="BILLTOPARTYNAME" Type="Edm.String" Nullable="false" sap:unicode="false" sap:creatable="false" sap:updatable="false" sap:sortable="false"/>
                <Property Name="BILLTOPARTYGSTIN" Type="Edm.String" Nullable="false" sap:unicode="false" sap:creatable="false" sap:updatable="false" sap:sortable="false"/>
                <Property Name="BILLTOPARTYREGIONCODE" Type="Edm.String" Nullable="false" sap:unicode="false" sap:creatable="false" sap:updatable="false" sap:sortable="false"/>
                <Property Name="AGENTCOMM" Type="Edm.String" Nullable="false" sap:unicode="false" sap:creatable="false" sap:updatable="false" sap:sortable="false" sap:filterable="false"/>
                <Property Name="AGENTNAME" Type="Edm.String" Nullable="false" sap:unicode="false" sap:creatable="false" sap:updatable="false" sap:sortable="false" sap:filterable="false"/>
                <Property Name="TRANSPORTERNAME" Type="Edm.String" Nullable="false" sap:unicode="false" sap:creatable="false" sap:updatable="false" sap:sortable="false" sap:filterable="false"/>
                <Property Name="VECHILENUMBER" Type="Edm.String" Nullable="false" sap:unicode="false" sap:creatable="false" sap:updatable="false" sap:sortable="false" sap:filterable="false"/>
                <Property Name="LRNO" Type="Edm.String" Nullable="false" sap:unicode="false" sap:creatable="false" sap:updatable="false" sap:sortable="false" sap:filterable="false"/>
                <Property Name="LRDATE" Type="Edm.String" Nullable="false" sap:unicode="false" sap:creatable="false" sap:updatable="false" sap:sortable="false" sap:filterable="false"/>
                <Property Name="MODEOFTRANSPORT" Type="Edm.String" Nullable="false" sap:unicode="false" sap:creatable="false" sap:updatable="false" sap:sortable="false" sap:filterable="false"/>
                <Property Name="BILLINGCREATEDBY" Type="Edm.String" Nullable="false" sap:unicode="false" sap:creatable="false" sap:updatable="false" sap:sortable="false" sap:filterable="false"/>
                <Property Name="BILLINGCREATEDON" Type="Edm.String" Nullable="false" sap:unicode="false" sap:creatable="false" sap:updatable="false" sap:sortable="false" sap:filterable="false"/>
                <Property Name="SOCREATEDBY" Type="Edm.String" Nullable="false" sap:unicode="false" sap:creatable="false" sap:updatable="false" sap:sortable="false" sap:filterable="false"/>
                <Property Name="SOCREATEDON" Type="Edm.String" Nullable="false" sap:unicode="false" sap:creatable="false" sap:updatable="false" sap:sortable="false" sap:filterable="false"/>
                <Property Name="EPCGLICENCENO" Type="Edm.String" Nullable="false" sap:unicode="false" sap:creatable="false" sap:updatable="false" sap:sortable="false" sap:filterable="false"/>
                <Property Name="EPCGDATE" Type="Edm.String" Nullable="false" sap:unicode="false" sap:creatable="false" sap:updatable="false" sap:sortable="false" sap:filterable="false"/>
                <Property Name="AGENTCODE" Type="Edm.String" Nullable="false" sap:unicode="false" sap:creatable="false" sap:updatable="false" sap:sortable="false" sap:filterable="false"/>
                <Property Name="NETWT" Type="Edm.String" Nullable="false" sap:unicode="false" sap:creatable="false" sap:updatable="false" sap:sortable="false" sap:filterable="false"/>
                <Property Name="GROSSWT" Type="Edm.String" Nullable="false" sap:unicode="false" sap:creatable="false" sap:updatable="false" sap:sortable="false"/>
                <Property Name="ORDREASON" Type="Edm.String" Nullable="false" sap:unicode="false" sap:creatable="false" sap:updatable="false" sap:sortable="false" sap:filterable="false"/>
                <Property Name="ORDREASONDES" Type="Edm.String" Nullable="false" sap:unicode="false" sap:creatable="false" sap:updatable="false" sap:sortable="false" sap:filterable="false"/>
                <Property Name="GRADE" Type="Edm.String" Nullable="false" sap:unicode="false" sap:creatable="false" sap:updatable="false" sap:sortable="false" sap:filterable="false"/>
                <Property Name="GRADEDES" Type="Edm.String" Nullable="false" sap:unicode="false" sap:creatable="false" sap:updatable="false" sap:sortable="false" sap:filterable="false"/>
                <Property Name="GATENO" Type="Edm.String" Nullable="false" sap:unicode="false" sap:creatable="false" sap:updatable="false" sap:sortable="false" sap:filterable="false"/>
                <Property Name="GATEINDATE" Type="Edm.String" Nullable="false" sap:unicode="false" sap:creatable="false" sap:updatable="false" sap:sortable="false" sap:filterable="false"/>
                <Property Name="GATEINTIME" Type="Edm.String" Nullable="false" sap:unicode="false" sap:creatable="false" sap:updatable="false" sap:sortable="false" sap:filterable="false"/>
                <Property Name="GATEOUTDATE" Type="Edm.String" Nullable="false" sap:unicode="false" sap:creatable="false" sap:updatable="false" sap:sortable="false" sap:filterable="false"/>
                <Property Name="GATEOUTTIME" Type="Edm.String" Nullable="false" sap:unicode="false" sap:creatable="false" sap:updatable="false" sap:sortable="false" sap:filterable="false"/>
                <Property Name="BLEND" Type="Edm.String" Nullable="false" sap:unicode="false" sap:creatable="false" sap:updatable="false" sap:sortable="false" sap:filterable="false"/>
                <Property Name="COUNT" Type="Edm.String" Nullable="false" sap:unicode="false" sap:creatable="false" sap:updatable="false" sap:sortable="false" sap:filterable="false"/>
                <Property Name="NTRT" Type="Edm.String" Nullable="false" sap:unicode="false" sap:creatable="false" sap:updatable="false" sap:sortable="false" sap:filterable="false"/>
                <Property Name="SHADE1" Type="Edm.String" Nullable="false" sap:unicode="false" sap:creatable="false" sap:updatable="false" sap:sortable="false" sap:filterable="false"/>
                <Property Name="SHADE2" Type="Edm.String" Nullable="false" sap:unicode="false" sap:creatable="false" sap:updatable="false" sap:sortable="false" sap:filterable="false"/>
                <Property Name="TOTALTAXABLEAMOUNT" Type="Edm.String" Nullable="false" sap:unicode="false" sap:creatable="false" sap:updatable="false" sap:sortable="false" sap:filterable="false"/>
                <Property Name="RENDINGOFFAMOUNT" Type="Edm.String" Nullable="false" sap:unicode="false" sap:creatable="false" sap:updatable="false" sap:sortable="false" sap:filterable="false"/>
                <Property Name="TOTALBILLAMOUNT" Type="Edm.String" Nullable="false" sap:unicode="false" sap:creatable="false" sap:updatable="false" sap:sortable="false" sap:filterable="false"/>
                <Property Name="DISCOUNTZDDP" Type="Edm.String" Nullable="false" sap:unicode="false" sap:creatable="false" sap:updatable="false" sap:sortable="false" sap:filterable="false"/>
                <Property Name="DISCOUNTZTRDP" Type="Edm.String" Nullable="false" sap:unicode="false" sap:creatable="false" sap:updatable="false" sap:sortable="false" sap:filterable="false"/>
                <Property Name="DISCOUNTZCDT" Type="Edm.String" Nullable="false" sap:unicode="false" sap:creatable="false" sap:updatable="false" sap:sortable="false" sap:filterable="false"/>
                <Property Name="DISCOUNTZCOV" Type="Edm.String" Nullable="false" sap:unicode="false" sap:creatable="false" sap:updatable="false" sap:sortable="false" sap:filterable="false"/>
                <Property Name="DISCOUNTZODI" Type="Edm.String" Nullable="false" sap:unicode="false" sap:creatable="false" sap:updatable="false" sap:sortable="false" sap:filterable="false"/>
                <Property Name="DISCOUNTZFRA" Type="Edm.String" Nullable="false" sap:unicode="false" sap:creatable="false" sap:updatable="false" sap:sortable="false" sap:filterable="false"/>
                <Property Name="INSURANCEZII" Type="Edm.String" Nullable="false" sap:unicode="false" sap:creatable="false" sap:updatable="false" sap:sortable="false" sap:filterable="false"/>
                <Property Name="TCSVALUE" Type="Edm.String" Nullable="false" sap:unicode="false" sap:creatable="false" sap:updatable="false" sap:sortable="false" sap:filterable="false"/>
                <Property Name="PAYERCODE" Type="Edm.String" Nullable="false" sap:unicode="false" sap:creatable="false" sap:updatable="false" sap:sortable="false"/>
                <Property Name="PAYERNAME" Type="Edm.String" Nullable="false" sap:unicode="false" sap:creatable="false" sap:updatable="false" sap:sortable="false"/>
                <Property Name="BasicValueZP01" Type="Edm.String" Nullable="false" sap:unicode="false" sap:creatable="false" sap:updatable="false" sap:sortable="false" sap:filterable="false"/>
            </EntityType>
            <EntityContainer Name="ZSALES_REGISTER_GST_SRV_Entities" m:IsDefaultEntityContainer="true" sap:supported-formats="atom json xlsx">
                <EntitySet Name="ZSALES_REGISTER_GSTSet" EntityType="ZSALES_REGISTER_GST_SRV.ZSALES_REGISTER_GST" sap:creatable="false" sap:updatable="false" sap:deletable="false" sap:pageable="false" sap:addressable="false" sap:content-version="1"/>
            </EntityContainer>
            <atom:link
                xmlns:atom="http://www.w3.org/2005/Atom" rel="self" href="./sap/ZSALES_REGISTER_GST_SRV/$metadata"/>
                <atom:link
                    xmlns:atom="http://www.w3.org/2005/Atom" rel="latest-version" href="./sap/ZSALES_REGISTER_GST_SRV/$metadata"/>
                </Schema>
            </edmx:DataServices>
        </edmx:Edmx>