<core:FragmentDefinition xmlns:core="sap.ui.core" xmlns:f="sap.ui.layout.form" xmlns="sap.m">
	<Dialog title="Employee Work History">
		<f:SimpleForm editable="true">
			<Label required="true" design="Bold" text="Company Name"></Label>
			<Input id="frginpcomp" placeholder="Please Enter Company Name"/>
			<Label required="true" design="Bold" text="From Date"/>
			<DatePicker id="frginpfd" placeholder="Please Enter From Date"/>
			<Label required="true" design="Bold" text="To Date"/>
			<DatePicker id="frginptd" placeholder="Please Enter To Date"/>
			<Label required="true" design="Bold" text="Designation"></Label>
			<Input id="frginpdesig" placeholder="Please Enter Designation"/>
			<Label required="true" design="Bold" text="Reason"></Label>
			<Input id="frginprea" placeholder="Please Enter The Reason"/>
		</f:SimpleForm>
		<beginButton>
			<Button text="Update" type="Emphasized" press="onupdatePressed"></Button>
		</beginButton>
		<endButton>
			<Button text="Close" type="Reject" press="onclosePressed"></Button>
		</endButton>
	</Dialog>
</core:FragmentDefinition>