<edmx:Edmx
    xmlns:edmx="http://schemas.microsoft.com/ado/2007/06/edmx"
    xmlns:m="http://schemas.microsoft.com/ado/2007/08/dataservices/metadata"
    xmlns:sap="http://www.sap.com/Protocols/SAPData" Version="1.0">
    <edmx:DataServices m:DataServiceVersion="2.0">
        <Schema
            xmlns="http://schemas.microsoft.com/ado/2008/09/edm" Namespace="ZGRADING1_SRV" xml:lang="en" sap:schema-version="1">
            <EntityType Name="ZPACKTAB" sap:content-version="1">
                <Key>
                    <PropertyRef Name="Mandt"/>
                    <PropertyRef Name="Charg"/>
                    <PropertyRef Name="Pno"/>
                    <PropertyRef Name="Pieceno"/>
                </Key>
                <Property Name="Mandt" Type="Edm.String" Nullable="false" MaxLength="3" sap:unicode="false" sap:label="Client" sap:creatable="false" sap:updatable="false" sap:sortable="false" sap:filterable="false"/>
                <Property Name="Charg" Type="Edm.String" Nullable="false" MaxLength="10" sap:unicode="false" sap:label="Batch" sap:creatable="false" sap:updatable="false" sap:sortable="false" sap:filterable="false"/>
                <Property Name="Pno" Type="Edm.String" Nullable="false" MaxLength="6" sap:unicode="false" sap:label="Piece items" sap:creatable="false" sap:updatable="false" sap:sortable="false" sap:filterable="false"/>
                <Property Name="Pieceno" Type="Edm.String" Nullable="false" MaxLength="10" sap:unicode="false" sap:label="Piece Number (BAPI)" sap:creatable="false" sap:updatable="false" sap:sortable="false" sap:filterable="false"/>
                <Property Name="Matnr" Type="Edm.String" Nullable="false" MaxLength="40" sap:unicode="false" sap:label="Material" sap:creatable="false" sap:updatable="false" sap:sortable="false" sap:filterable="false"/>
                <Property Name="Mblnr" Type="Edm.String" Nullable="false" MaxLength="10" sap:unicode="false" sap:label="Material Doc." sap:creatable="false" sap:updatable="false" sap:sortable="false" sap:filterable="false"/>
                <Property Name="Mjahr" Type="Edm.String" Nullable="false" MaxLength="4" sap:unicode="false" sap:label="Mat. Doc. Year" sap:creatable="false" sap:updatable="false" sap:sortable="false" sap:filterable="false"/>
                <Property Name="Fault" Type="Edm.String" Nullable="false" MaxLength="20" sap:unicode="false" sap:label="Reason of Fault" sap:creatable="false" sap:updatable="false" sap:sortable="false" sap:filterable="false"/>
                <Property Name="Werks" Type="Edm.String" Nullable="false" MaxLength="4" sap:unicode="false" sap:label="Plant" sap:creatable="false" sap:updatable="false" sap:sortable="false" sap:filterable="false"/>
                <Property Name="Rdate" Type="Edm.DateTime" Nullable="false" Precision="7" sap:unicode="false" sap:label="Date" sap:creatable="false" sap:updatable="false" sap:sortable="false" sap:filterable="false"/>
                <Property Name="Rlgort" Type="Edm.String" Nullable="false" MaxLength="4" sap:unicode="false" sap:label="Stor. Loc." sap:creatable="false" sap:updatable="false" sap:sortable="false" sap:filterable="false"/>
                <Property Name="Menge" Type="Edm.Decimal" Nullable="false" Precision="13" Scale="3" sap:unicode="false" sap:label="Quantity" sap:creatable="false" sap:updatable="false" sap:sortable="false" sap:filterable="false"/>
                <Property Name="Ptype" Type="Edm.String" Nullable="false" MaxLength="6" sap:unicode="false" sap:label="Grade" sap:creatable="false" sap:updatable="false" sap:sortable="false" sap:filterable="false"/>
                <Property Name="Pquan" Type="Edm.Decimal" Nullable="false" Precision="13" Scale="3" sap:unicode="false" sap:label="Packed Quantity" sap:creatable="false" sap:updatable="false" sap:sortable="false" sap:filterable="false"/>
                <Property Name="Noi" Type="Edm.Int32" Nullable="false" sap:unicode="false" sap:label="Number Of Items" sap:creatable="false" sap:updatable="false" sap:sortable="false" sap:filterable="false"/>
                <Property Name="Tquan" Type="Edm.Decimal" Nullable="false" Precision="13" Scale="3" sap:unicode="false" sap:label="Total Quan (item)" sap:creatable="false" sap:updatable="false" sap:sortable="false" sap:filterable="false"/>
                <Property Name="Flag" Type="Edm.Byte" Nullable="false" sap:unicode="false" sap:label="SNo" sap:creatable="false" sap:updatable="false" sap:sortable="false" sap:filterable="false"/>
                <Property Name="Brand" Type="Edm.String" Nullable="false" MaxLength="1" sap:unicode="false" sap:label="Single-Character Flag" sap:creatable="false" sap:updatable="false" sap:sortable="false" sap:filterable="false"/>
                <Property Name="Sno" Type="Edm.Byte" Nullable="false" sap:unicode="false" sap:label="SNo" sap:creatable="false" sap:updatable="false" sap:sortable="false" sap:filterable="false"/>
                <Property Name="Delind" Type="Edm.String" Nullable="false" MaxLength="1" sap:unicode="false" sap:label="Single-Character Flag" sap:creatable="false" sap:updatable="false" sap:sortable="false" sap:filterable="false"/>
                <Property Name="Vbeln" Type="Edm.String" Nullable="false" MaxLength="10" sap:unicode="false" sap:label="Delivery" sap:creatable="false" sap:updatable="false" sap:sortable="false" sap:filterable="false"/>
                <Property Name="Posnr" Type="Edm.String" Nullable="false" MaxLength="6" sap:unicode="false" sap:label="Item" sap:creatable="false" sap:updatable="false" sap:sortable="false" sap:filterable="false"/>
                <Property Name="Uecha" Type="Edm.String" Nullable="false" MaxLength="6" sap:unicode="false" sap:label="HghLevItmBatch" sap:creatable="false" sap:updatable="false" sap:sortable="false" sap:filterable="false"/>
                <Property Name="Ino" Type="Edm.String" Nullable="false" MaxLength="10" sap:unicode="false" sap:label="Indent Number" sap:creatable="false" sap:updatable="false" sap:sortable="false" sap:filterable="false"/>
                <Property Name="Uno" Type="Edm.String" Nullable="false" MaxLength="8" sap:unicode="false" sap:label="Unique No" sap:creatable="false" sap:updatable="false" sap:sortable="false" sap:filterable="false"/>
                <Property Name="Ucharg" Type="Edm.String" Nullable="false" MaxLength="35" sap:unicode="false" sap:label="Universal Batch" sap:creatable="false" sap:updatable="false" sap:sortable="false" sap:filterable="false"/>
                <Property Name="Text" Type="Edm.String" Nullable="false" MaxLength="40" sap:unicode="false" sap:label="Char" sap:creatable="false" sap:updatable="false" sap:sortable="false" sap:filterable="false"/>
                <Property Name="Retind" Type="Edm.String" Nullable="false" MaxLength="1" sap:unicode="false" sap:label="Single-Character Flag" sap:creatable="false" sap:updatable="false" sap:sortable="false" sap:filterable="false"/>
                <Property Name="Retdel" Type="Edm.String" Nullable="false" MaxLength="10" sap:unicode="false" sap:label="Delivery" sap:creatable="false" sap:updatable="false" sap:sortable="false" sap:filterable="false"/>
                <Property Name="Tfind" Type="Edm.String" Nullable="false" MaxLength="1" sap:unicode="false" sap:label="Transfer Indicator" sap:creatable="false" sap:updatable="false" sap:sortable="false" sap:filterable="false"/>
                <Property Name="Cancel" Type="Edm.String" Nullable="false" MaxLength="1" sap:unicode="false" sap:label="Cancel indic." sap:creatable="false" sap:updatable="false" sap:sortable="false" sap:filterable="false"/>
                <Property Name="Uno1" Type="Edm.String" Nullable="false" MaxLength="8" sap:unicode="false" sap:label="Unique No" sap:creatable="false" sap:updatable="false" sap:sortable="false" sap:filterable="false"/>
                <Property Name="UchargRef" Type="Edm.String" Nullable="false" MaxLength="35" sap:unicode="false" sap:label="Universal Batch" sap:creatable="false" sap:updatable="false" sap:sortable="false" sap:filterable="false"/>
                <Property Name="Tpind" Type="Edm.String" Nullable="false" MaxLength="2" sap:unicode="false" sap:label="Transfer Indicator 311" sap:creatable="false" sap:updatable="false" sap:sortable="false" sap:filterable="false"/>
                <Property Name="Tmblnr" Type="Edm.String" Nullable="false" MaxLength="10" sap:unicode="false" sap:label="Material Doc." sap:creatable="false" sap:updatable="false" sap:sortable="false" sap:filterable="false"/>
                <Property Name="Tmjahr" Type="Edm.String" Nullable="false" MaxLength="4" sap:unicode="false" sap:label="Mat. Doc. Year" sap:creatable="false" sap:updatable="false" sap:sortable="false" sap:filterable="false"/>
                <Property Name="Rcharg" Type="Edm.String" Nullable="false" MaxLength="10" sap:unicode="false" sap:label="Batch" sap:creatable="false" sap:updatable="false" sap:sortable="false" sap:filterable="false"/>
                <Property Name="Tmenge" Type="Edm.Decimal" Nullable="false" Precision="13" Scale="3" sap:unicode="false" sap:label="Quantity" sap:creatable="false" sap:updatable="false" sap:sortable="false" sap:filterable="false"/>
                <Property Name="Fabty" Type="Edm.String" Nullable="false" MaxLength="2" sap:unicode="false" sap:label="FabricType" sap:creatable="false" sap:updatable="false" sap:sortable="false" sap:filterable="false"/>
                <Property Name="Cartpack" Type="Edm.String" Nullable="false" MaxLength="1" sap:unicode="false" sap:label="Single-Character Flag" sap:creatable="false" sap:updatable="false" sap:sortable="false" sap:filterable="false"/>
                <Property Name="Cmblnr" Type="Edm.String" Nullable="false" MaxLength="10" sap:unicode="false" sap:label="Material Doc." sap:creatable="false" sap:updatable="false" sap:sortable="false" sap:filterable="false"/>
                <Property Name="Cmjahr" Type="Edm.String" Nullable="false" MaxLength="4" sap:unicode="false" sap:label="Mat. Doc. Year" sap:creatable="false" sap:updatable="false" sap:sortable="false" sap:filterable="false"/>
                <Property Name="Grdsloc" Type="Edm.String" Nullable="false" MaxLength="4" sap:unicode="false" sap:label="Stor. Loc." sap:creatable="false" sap:updatable="false" sap:sortable="false" sap:filterable="false"/>
                <Property Name="Tfrind" Type="Edm.String" Nullable="false" MaxLength="1" sap:unicode="false" sap:label="Single-Character Flag" sap:creatable="false" sap:updatable="false" sap:sortable="false" sap:filterable="false"/>
                <Property Name="Tfrdocyr" Type="Edm.String" Nullable="false" MaxLength="4" sap:unicode="false" sap:label="Mat. Doc. Year" sap:creatable="false" sap:updatable="false" sap:sortable="false" sap:filterable="false"/>
                <Property Name="Tfrdocno" Type="Edm.String" Nullable="false" MaxLength="10" sap:unicode="false" sap:label="Material Doc." sap:creatable="false" sap:updatable="false" sap:sortable="false" sap:filterable="false"/>
                <Property Name="Tfrdate" Type="Edm.String" Nullable="false" MaxLength="10" sap:unicode="false" sap:label="Date" sap:creatable="false" sap:updatable="false" sap:sortable="false" sap:filterable="false"/>
                <Property Name="VbelnSo" Type="Edm.String" Nullable="false" MaxLength="10" sap:unicode="false" sap:label="Sales document" sap:creatable="false" sap:updatable="false" sap:sortable="false" sap:filterable="false"/>
                <Property Name="PosnrSo" Type="Edm.String" Nullable="false" MaxLength="6" sap:unicode="false" sap:label="Item" sap:creatable="false" sap:updatable="false" sap:sortable="false" sap:filterable="false"/>
                <Property Name="Rollno" Type="Edm.String" Nullable="false" MaxLength="3" sap:unicode="false" sap:label="Roll No" sap:creatable="false" sap:updatable="false" sap:sortable="false" sap:filterable="false"/>
                <Property Name="Nopoint" Type="Edm.String" Nullable="false" MaxLength="3" sap:unicode="false" sap:label="No of Poin" sap:creatable="false" sap:updatable="false" sap:sortable="false" sap:filterable="false"/>
                <Property Name="Beamno" Type="Edm.String" Nullable="false" MaxLength="10" sap:unicode="false" sap:label="Batch" sap:creatable="false" sap:updatable="false" sap:sortable="false" sap:filterable="false"/>
                <Property Name="Shade" Type="Edm.String" Nullable="false" MaxLength="20" sap:unicode="false" sap:label="Shade" sap:creatable="false" sap:updatable="false" sap:sortable="false" sap:filterable="false"/>
                <Property Name="Zyshade" Type="Edm.String" Nullable="false" MaxLength="8" sap:unicode="false" sap:label="Shade" sap:creatable="false" sap:updatable="false" sap:sortable="false" sap:filterable="false"/>
                <Property Name="Zzubatch" Type="Edm.String" Nullable="false" MaxLength="10" sap:unicode="false" sap:label="Batch" sap:creatable="false" sap:updatable="false" sap:sortable="false" sap:filterable="false"/>
                <Property Name="CancelC" Type="Edm.String" Nullable="false" MaxLength="1" sap:unicode="false" sap:label="Cancel flag new" sap:creatable="false" sap:updatable="false" sap:sortable="false" sap:filterable="false"/>
            </EntityType>
            <EntityContainer Name="ZGRADING1_SRV_Entities" m:IsDefaultEntityContainer="true" sap:supported-formats="atom json xlsx">
                <EntitySet Name="ZGRADE_SET" EntityType="ZGRADING1_SRV.ZPACKTAB" sap:creatable="false" sap:updatable="false" sap:deletable="false" sap:pageable="false" sap:addressable="false" sap:content-version="1"/>
            </EntityContainer>
            <atom:link
                xmlns:atom="http://www.w3.org/2005/Atom" rel="self" href="./sap/ZGRADING1_SRV/$metadata"/>
                <atom:link
                    xmlns:atom="http://www.w3.org/2005/Atom" rel="latest-version" href="./sap/ZGRADING1_SRV/$metadata"/>
                </Schema>
            </edmx:DataServices>
        </edmx:Edmx>