<edmx:Edmx
    xmlns:edmx="http://schemas.microsoft.com/ado/2007/06/edmx"
    xmlns:m="http://schemas.microsoft.com/ado/2007/08/dataservices/metadata"
    xmlns:sap="http://www.sap.com/Protocols/SAPData" Version="1.0">
    <edmx:DataServices m:DataServiceVersion="2.0">
        <Schema
            xmlns="http://schemas.microsoft.com/ado/2008/09/edm" Namespace="ZOFT_ANALYTICS_SRV" xml:lang="en" sap:schema-version="1">
            <EntityType Name="Analytics" sap:content-version="1">
                <Key>
                    <PropertyRef Name="TEXT"/>
                </Key>
                <Property Name="TEXT" Type="Edm.String" Nullable="false" sap:unicode="false" sap:creatable="false" sap:updatable="false" sap:sortable="false" sap:label="TEXT"  sap:value-list="fixed-values"/>
                <Property Name="VALUE" Type="Edm.Decimal" Nullable="false" Precision="31" Scale="0" sap:unicode="false" sap:creatable="false" sap:updatable="false" sap:sortable="false" sap:filterable="false"/>
                 <Property Name="COMPANYCODE" Type="Edm.Int16" Nullable="false" sap:unicode="false" sap:creatable="false" sap:updatable="false" sap:sortable="true" sap:label="COMPANYCODE"  sap:value-list="fixed-values"/>
            </EntityType>
            <EntityContainer Name="ZOFT_ANALYTICS_SRV_Entities" m:IsDefaultEntityContainer="true" sap:supported-formats="atom json xlsx">
                <EntitySet Name="SalesCustomerSet" EntityType="ZOFT_ANALYTICS_SRV.Analytics" sap:creatable="false" sap:updatable="false" sap:deletable="false" sap:pageable="false" sap:addressable="false" sap:content-version="1"/>
                <EntitySet Name="SalesProductSet" EntityType="ZOFT_ANALYTICS_SRV.Analytics" sap:creatable="false" sap:updatable="false" sap:deletable="false" sap:pageable="false" sap:addressable="false" sap:content-version="1"/>
                <EntitySet Name="SalesCurrencySet" EntityType="ZOFT_ANALYTICS_SRV.Analytics" sap:creatable="false" sap:updatable="false" sap:deletable="false" sap:pageable="false" sap:addressable="false" sap:content-version="1"/>
                <EntitySet Name="SalesCountrySet" EntityType="ZOFT_ANALYTICS_SRV.Analytics" sap:creatable="false" sap:updatable="false" sap:deletable="false" sap:pageable="false" sap:addressable="false" sap:content-version="1"/>
            </EntityContainer>
            <atom:link
                xmlns:atom="http://www.w3.org/2005/Atom" rel="self" href="./sap/ZOFT_ANALYTICS_SRV/$metadata"/>
                <atom:link
                    xmlns:atom="http://www.w3.org/2005/Atom" rel="latest-version" href="./sap/ZOFT_ANALYTICS_SRV/$metadata"/>
                </Schema>
            </edmx:DataServices>
        </edmx:Edmx>